,V0,V1,V2,V3,V4,V5,V6,V7,V8,V9,V10,V11,V12,V13,V14,V15,V16,V17,V18,V19,V20,V21,V22,V23,V24,V25,V26,V27,V28,V29,V30,V31,V32,V33,V34,V35,V36,V37,V38,V39,V40,V41,V42,V43,V44
0,0.4355966472835526,-0.9493672699073104,1.708334153078253,-0.5283285253718668,0.5664545293740799,-0.10604027414660788,0.09051498475926623,-0.7003123025913969,1.1249133277053318,-0.9738000440156093,0.06144165687822121,0.2733130735588966,-1.062554252544802,0.024929339091012834,0.28566154619208195,0.9676511434772911,-0.05986948764634879,-0.49254285893143424,-0.3231191829804581,0.33433273986024026,0.6023312417345836,0.496020571629889,0.002236420080325679,3.609319303396781e-17,-3.6216714559874545e-17,-0.0420101323147686,-0.47272115971917633,-1.72778947743837,1.4587388779321047,-0.3640457963593123,-0.2700756812284816,-0.15033859316155998,-0.34285235268198727,0.19358022063530078,0.20472216888572317,0.4482231059194226,0.7088995406870782,-0.3823858250963052,-0.6005208198212852,-0.30520299200126877,-0.277097572492808,0.303626104668352,0.24407780838938847,0.1439643695180335,0.0016608952986389767
1,0.5532552264572628,-0.3123664583388336,0.4793936162880604,-0.24593085084893818,1.1033675238351048,-0.46422790592637336,-0.055988223549146676,-0.38676199963043945,1.0042935634106096,0.039859602711467594,-0.41388463232676587,0.5732207510564378,-0.5417856574084945,-0.08915775320132466,0.14891064475632548,0.14279969528054706,-0.07512491025421304,-0.004127269688174977,-0.17132101957905876,0.3309373970597095,0.07720824263213602,-0.20255526134431268,-0.036284442018173005,-2.1561748313278687e-14,-1.6749327522065158e-14,0.08738559022501205,-0.3562254355355458,-0.3922922296155159,-0.269169347951541,0.16321971138651695,0.37430815441900395,0.3928967797162225,1.7891658588594326,-0.8416844939371593,-0.6012190460285955,-0.9655474286238135,-0.9323294586444157,-3.1806730893513917,-0.15323034486551837,-0.4602789197054758,0.8441540668539522,2.5606425511493462,-0.00031988454933118524,-1.5786542096505682,-2.696985397607713
2,0.5871866756578213,0.3205976836039538,-0.4400087800678107,-0.37797495483126353,-0.8807659784130057,0.5342957352922929,-0.997531846789667,-0.24221160025864238,-0.3614787473257212,0.3684832382836128,-0.00502831310039253,0.5104101980879526,-0.8863787308776475,0.6683037945142056,-0.5073513440155817,0.3678638541270848,0.3375175377004338,-0.16205011358628268,-0.30806728748316503,-0.4636072757490375,-0.10001061438681189,-0.04630958359935948,-0.1374211921899758,2.277904172574962e-14,1.2059692334604631e-14,-0.06315420023950216,-0.18763885989650742,-0.37694959140374185,0.2273636200160561,-0.35426995228236324,-0.464728794313592,1.444062609476218,0.38325466053965,3.8129275551782307,0.8395050563548219,-0.03984445932632709,-3.0403293532668734,0.2778415219434158,0.36357192125892424,-2.4268907412725063,-0.17172381956339117,0.12237126937569816,-0.17359623275439973,0.6681772398311387,-0.051854387512040745
3,-4.0807714648741875,4.395339420962906,0.2985753678436666,-3.608533020138178,0.6645609364813807,0.48890834127479676,1.2439431618457601,-0.7608788172676508,-0.8832881234541204,-1.496233529671771,-0.31399418068852814,-0.27660141469841126,0.8876226548372721,0.8621026293300765,0.5520513108787226,-0.04811534690191797,0.1291910850775449,-0.1479425413446023,0.49398151393980483,0.13589460147904472,0.3763366237917991,0.027404104314138054,-0.2169350450922544,3.4582787301178245e-14,1.2783235025737033e-14,-0.10761479196169514,0.14259588595783976,0.2566357338412523,0.8895712487306193,-0.4088608960850671,-1.0537985956382518,0.7293043832791414,0.5922388677733883,-0.4561166761382761,-0.027319406260751005,0.12256785254422868,-0.5117194281948819,-0.2754504115711961,-0.18067178480215015,0.5714995077439028,-1.0625687550383403,0.5640291818619523,-0.5434703515669961,0.21216818139422738,-0.0005158768731955445
4,0.7701481524104838,0.3614450818988827,-0.17403546505569842,-0.2253283746077514,-0.35194155915331926,0.14959339692757703,-0.8252659436887061,0.06313418064531444,-0.2745650065440229,-0.8776513951800565,0.007376233439101637,-0.33845551527082307,-0.2628361303671024,-0.4589796780580211,-0.16689461610640827,0.27499437103437285,0.026285989998620213,0.4901425456798864,0.004596322714994128,-0.28303163852441865,-0.50493975785918,0.27034514638013485,-0.08163954563075795,7.857315281979414e-14,4.3773250103576624e-14,-0.2626961839827552,0.25172912769241856,-0.07096987333248392,-0.0058757960503392475,0.05989652967979588,-0.4156612706985922,0.42721935421844304,-0.7659827462827264,0.31791200952384285,1.900112985962203,-0.4903736702975749,-0.5398296082693385,-0.1803538924228222,-0.5705938818989318,1.9127382750020996,0.4839867321033656,-1.3597222709313501,-0.29380881531863245,-2.358544817163806,-0.38386241290041756
5,-0.3091434811198391,0.8223747715904709,2.005249023481157,1.3701793172538388,-2.2992448269452206,-0.10323833039793184,0.2656552834661952,-0.5221164356730355,-0.0471538800254248,0.20018181581341632,-0.1677816626762407,-0.0022397885061187207,0.4210238049987233,0.2484126394228885,0.06676302744572762,-0.7957040342788505,0.03135122176479078,0.010680059148445071,-0.2615579558860625,-0.4131097133844161,-0.6958757592054894,-0.13187699850571732,0.0031881598485367737,3.047920216412708e-14,2.0340519031213986e-14,-0.09398907051390872,0.3494664014658242,0.7047190605112743,-0.853428490540515,0.2697699144808753,0.013396881940506925,0.24704732773313226,0.01801565194397633,-0.028385973578404416,0.6610444893832546,0.1333587216810773,0.5858106866680739,0.07453181120708312,-1.1615288076485915,-0.14035199612569807,-0.0028011883744406057,0.7419968909613781,0.14854987609793152,0.3870661927885398,-0.20790948399733983
6,-2.894410736266198,-0.5004992484468989,-0.12001561915403844,2.1428092918599813,-0.19221531256102153,-0.9331100628180524,-0.10533117625871831,1.3716251411578835,-0.5802687291226658,0.3769670737842362,-1.5144701968135723,0.06270149502789064,0.4555745304830869,-0.7628949140330681,-1.2618552996838939,1.3618366100226382,-1.1227126482355703,0.47955106450109064,-0.6552894539285907,0.3025849575939366,0.6509814578185743,0.12981671196933964,1.0643141907220028,8.206615070022006e-14,1.0313059385463286e-13,-0.3188344516563241,0.13940639718791628,-0.18047864751771805,0.8926951637519279,-0.18507993227020234,-0.5003821618800979,-0.07411058826571662,0.17185741079819317,0.2887985557621756,0.020275044654535335,-0.2418864778534779,-0.030796927275802122,-0.014527556313652584,0.22016122256373122,0.11198510507399118,-0.47234828798799366,0.07170220982897937,-0.20788864477588173,-0.17165038665712165,0.05406002171607962
7,0.8331858123880066,0.34765622187265405,-0.2787818258591607,-0.246645326034644,-0.19277937241327325,-0.15886754833433234,-0.8144944583975722,0.11700430549191325,-0.4525780357971059,-1.2872829066211389,0.12081277360732154,-0.20467741180164828,-0.11623685476159887,-0.6314099030902637,-0.31420371844093614,0.495617094958188,0.15517360352303255,0.9848792054865172,0.025810735167127747,-0.5030305445712671,-1.3644927895808174,0.23574755158793664,-0.06089256926028265,1.91770927769686e-13,1.5255308057984615e-13,-0.6882030660953831,0.9166341196366092,0.1138153901919885,0.19954127729463425,0.03380409866414718,0.2070848040775198,-0.16519612107962367,0.514436116873487,0.13191510210744392,-0.842387581300969,0.279756297630548,0.33956607954382007,0.024727063026914877,-0.014659759647278123,-0.2333324016841058,-0.2601453557161896,-0.044861418292478375,0.06211003641979372,0.062031996297316705,0.019000696136731644
8,-0.01747945655138326,0.255430409511391,0.15951230885493572,-0.015538572587590638,0.24854815682767076,-0.04053236487941408,-0.2816714575592529,-0.11980067239162569,0.6807279418146128,0.2816066954233391,-0.5595097909285267,0.1120707407717576,-0.5961282179735867,-0.053391780155078464,0.15137904611020636,0.0140152633109451,-0.006438436582761988,0.18110863013030384,-0.11318285333571701,0.05347130293894298,-0.14018028402811578,0.031830022582919275,0.07107780722741557,-6.527063029676519e-14,-4.355384299295018e-14,0.2139457520378274,-0.20172065898254526,-0.2641454565833855,-0.5060982727391432,-0.026120912378289285,-0.06737650421916372,0.010873694972622371,0.17522077305166855,-0.15810684960788307,0.06775078197303493,0.19394368397544207,0.07799826786162642,-0.36743153227384223,-0.285738226223709,-0.10341925485909284,-0.03317626112807802,0.14735533209566948,0.1404502627380039,-0.11831469967781597,0.08833531103371975
9,0.34055941021765884,0.41060699596761924,-0.28051666204277714,0.5920146498011636,-0.10881289738694373,1.2061980525672893,0.4253267263315685,-0.13692492098904366,-0.34944535850783104,-0.4292383487784422,-0.134626851239812,-0.5265550102197467,-1.0484065839928587,-0.12371272838594245,-0.17664162376600345,-0.3903775852514638,0.3642148018558221,0.5699224727276221,-0.278279364777377,-1.4219872137190928,0.4172560798935662,0.17595051356500355,-0.8459754817256158,-6.882645074550263e-14,-9.713249681465022e-14,0.25895039200476094,-0.1047343097957246,0.0746731446250863,-0.3962317394888911,0.16969243222846236,-0.7043935048474885,1.3410385699875749,-0.9209708916168662,0.6114737004507522,1.049717376130955,-0.5704356734450184,2.8774163292276578,-0.8057154717393218,4.140600434294774,-0.23326843447061166,-0.3989176080029885,1.4577262686095365,-1.053502297952251,-0.2549310597956357,0.44572780946365154
10,0.9903354659101774,-0.2575284535115742,0.7923137158461325,-0.05703477533933944,0.7525408759111107,-1.6782764776633905,0.2954570682124911,-0.23332713164422492,-0.44465960195774545,-2.0945349254901,1.6748590480196035,0.9159421880662487,-0.037036561057936485,-0.3790631100667002,-0.13208948806216123,2.3147061166300347,1.0542517529199598,0.9315057614888925,1.2204691971255595,1.7034093441135656,2.2060233977734938,0.5527569559502309,-0.11481845360683574,-2.586643144049947e-13,-1.9707965868468583e-13,0.9181308210762209,-1.2868535423081258,0.3792534170376031,-0.7315341989647651,0.2393386531054536,-0.8042701990707405,0.20414164392271267,-0.8356792130481828,0.9286077054062712,0.6942376248247689,0.8596793864267301,1.453591225367394,0.5026934370223415,-1.360080045685895,-0.36242649553872724,-0.38703735983629434,0.59795140980163,0.23466307939332048,0.5544451582514224,-0.10325899342069844
11,-0.7607639264924434,-3.9135743796221427,0.4834130483971178,-1.6222008957222727,0.6015769043029994,-0.4516583395534301,0.21610040770071745,-2.67846197619408,-3.5361896426474067,0.9064149067151431,-1.2720091685079915,-2.3968064890995833,0.18484978443741218,0.5007615229062788,0.14063186352483967,-0.6641782412695124,0.3952653747509539,0.3883262465839332,0.18679099473635383,0.8861868772714961,0.5535157473619728,0.3440454628727997,-0.3434385740741108,2.715378793484628e-13,1.8438595094611208e-13,-0.9189976932509148,1.5130421408119739,0.8551179979773684,-0.5185411409266155,-0.23832144231101632,-0.41236448001525927,0.27666728788823997,-1.1093629088706154,0.00884498933184867,-0.136956334417882,0.8581844887746977,-0.3160893016823541,-0.9621132481230033,-0.1572377065531152,-0.33592488626526695,0.3547228412547422,0.07831758311106031,0.20327148000135792,-0.040299284154928686,-0.05848715564302972
12,0.962947243228603,0.3271381225051282,-0.4310789830584322,-0.2745849362191711,0.006593715491559916,-0.507566452088758,-0.8030031467006061,0.16750163247601207,-0.6058710215438075,-1.6039329057002933,0.2063265375226156,-0.10770842099937425,-0.0162725846289643,-0.7426700896088075,-0.40075141288018407,0.6233076335969747,0.2253548148767536,1.245443014491305,0.03677095022394186,-0.6075163581004505,-1.7511629449277397,0.22065216549334257,-0.0521118478327758,2.405859574035897e-13,1.9437440275477324e-13,-0.8634540682371545,1.1784701759248408,0.18516232784879166,0.2669511093605119,0.025567037130794206,0.3760887127598747,-0.2935482874335456,0.7490454397639807,0.09966398816422807,-1.2593058253881357,0.38007873932327624,0.4367417192778734,0.04213982897724525,0.028796092001547553,-0.3677260053286934,-0.30206016594264756,-0.004365621615179165,0.07245858946735773,0.11969059650195354,0.021182580234984344
13,-0.6967063252461522,-0.8830776518722457,1.2825654636249517,-0.5593473292550872,0.952766231333694,0.1705946667504828,0.3594877791996793,0.19945205912619024,0.1418422907569882,0.773100364538546,0.26551662222132466,-0.30452362150009676,-0.5742358338355299,0.2979726124670673,0.11625317357142657,0.3508759044981346,-0.4503548388383436,0.09339161902136764,0.28583413282150183,-0.1485773549403207,-0.25257325709070216,0.024249636362817586,-0.027354766995304293,1.3733031535579856e-14,1.2942595263300242e-14,-0.0727315780531311,0.1214293071584037,-0.29491680485537664,-0.8003402097931891,0.377058290741419,0.659205025315738,-0.44431753205626434,0.26170233367738627,0.20469698974766254,0.04293056502271687,-0.20425724794570116,0.24835508872705397,0.8291681120412392,0.05193630914823485,-0.15880481196195276,0.3303847934138121,-0.10865183915998929,0.017946337365049587,-0.07941844244285869,0.06616980881435153
14,-0.011208976122357304,0.0855904457229645,-1.1276204675799875,2.243226363707808,1.176394082821616,1.7698703220428733,2.783764261982392,-0.04628177454205438,-0.7862980332212983,-0.8851178614483736,-0.21555293683878318,0.12467246119751012,-1.7417965736885879,0.3449957506063394,0.034967736051376666,-0.5559641759909717,0.716992095970596,0.4920603834636271,-0.08149875451681876,-1.0126486876773466,0.5339010397818321,0.14818921425696804,-0.6600578123471231,-6.133509389068833e-14,-7.054659749678731e-14,0.2156992678413741,0.0442146082461362,0.16270052593483394,0.12563676007122423,-0.2485348625254491,-0.11538525847576145,0.0029450393040547957,0.1362782657543866,-0.2884154651944404,-0.5085901378032556,-0.26995887507738187,-0.5064695029375145,0.19521994118178038,-0.9843936801279641,0.0657856916691359,0.12689314238997534,-0.5216807862549562,0.4775401113318772,0.22012162962985132,-0.20690650157227494
15,-2.894410736266198,-0.5004992484468995,-0.12001561915403806,2.14280929185998,-0.19221531256102256,-0.9331100628180542,-0.10533117625872054,1.3716251411578824,-0.5802687291226656,0.37696707378423683,-1.5144701968135732,0.06270149502788813,0.4555745304830876,-0.7628949140330697,-1.2618552996838932,1.3618366100226382,-1.1227126482355714,0.479551064501091,-0.6552894539285906,0.3025849575939326,0.6509814578185729,0.12981671196933792,1.0643141907220057,8.236798085433056e-14,1.0637549249856168e-13,-0.31883445165632557,0.13940639718791364,-0.18047864751771864,0.8926951637519283,-0.18507993227020286,-0.5003821618800953,-0.07411058826572076,0.1718574107981938,0.2887985557621752,0.02027504465453625,-0.2418864778534772,-0.030796927275802133,-0.014527556313650608,0.22016122256372964,0.1119851050739934,-0.47234828798799083,0.07170220982897832,-0.20788864477588018,-0.17165038665711904,0.05406002171607803
16,0.4429239501950959,-0.7093412826223656,3.0174095985404077,0.2544648370490868,-1.2567237684851287,-0.2047539758401312,0.6689937578049981,-0.9893627418642845,0.4834413050209706,-1.2265393272491083,0.5542737379772452,-0.05460156361698356,-0.5043886427300015,0.7872326212003575,0.6106141866642125,-0.1467207948460336,0.16119450789989503,-1.9152646389620056,-0.9883868569571421,-0.7045125879480568,-0.17929939423093708,0.5284408539476716,0.25854445802961046,1.5941056810158675e-13,1.388437739833183e-13,-0.6516571804886854,0.4570019393303114,-2.1176174217722172,3.29550438855899,-1.2472614870438292,0.05987267032169595,-1.1574630870354548,-1.0914295658010764,-0.22797526197021728,-0.47954137766237065,0.14263865718410002,-0.21102777296966274,-0.022248536428012746,0.7294421388525837,0.021038693109618915,0.31492047117393457,-0.3844238576087601,-0.17240584716089974,-0.07020464434014442,0.17562010913036008
17,-3.2772026040587763,-2.243125874860085,-1.234774440498246,1.4753202159136898,0.9007442181557164,0.8685817763041662,-2.7944220656960357,-1.2861163919303504,-0.14666394596782278,-2.156004110990902,0.8196609959100852,2.409543871843641,1.0139622405111943,-1.0648131573578516,2.323811426196233,-1.874126161953758,0.08853832205328711,-1.6135918199674912,1.24216605251875,-0.29055460329706506,-0.779227431309841,0.036222510514129336,-0.4628881736772238,-1.3898495234478775e-13,-1.2251147783846873e-13,0.47736537566789716,-0.4323529140273895,-0.0805717278033509,-0.37839750913259773,-0.16077449450685727,0.5513366001739314,0.07152788069661449,0.053944591132476315,0.4096487028957668,0.2319382543057492,-0.19292823676082732,0.0020413365898488156,0.19163957703308432,-0.008393715027623391,0.19901175639928262,-0.3851109567972803,0.22108828647339934,-0.3220639429151161,0.1577653146280656,0.04933931164444085
18,0.8155508050845487,0.03196242669018418,0.776106021116522,-0.8055283629057503,-0.4271672718164008,2.5322109932227836,-1.2216119406267254,2.722427404731941,-0.7051536553181016,-0.49540355735185226,-1.2152145497722946,0.9572961639769536,1.2229807444724488,-0.4638664584880476,-0.12965476727281364,-2.0502932153145954,2.6269010164629485,0.733331358647153,-2.53509799722585,2.7220278623461223,1.6798987326602102,0.8108093454115947,-0.5345235023001185,1.6476786762546095e-13,1.1831196060020976e-13,-0.5841723281752822,0.4586400290088032,-0.9582864660013245,-0.15697822710542836,0.30281652698541484,0.5680848537242517,-0.29698643103088396,0.2984437776988075,-0.20404582609317087,-0.19317735239079778,-0.06497950646022152,0.11613205000107416,0.351513885057292,0.030875210483163728,-0.08923873644383826,0.10943660655151392,0.03298228799939381,-0.05965992445905719,0.07726377280894071,-0.009044395570351905
19,0.8615159994333066,0.10082619327900551,-1.1077918515903562,0.266048433849807,0.16456857173989817,0.29218265098434315,1.030647525776065,-0.2656109791474279,0.0036587013232502,0.4625041792001192,0.5439821953059221,0.1374375811142022,1.4145889350668437,0.07959301587395991,1.0361397484705779,0.5184204501234153,-0.29646601966627284,-0.20658980151466136,-0.1162933368147893,-0.12779259312732677,0.5278167009763355,0.005618590787131993,0.7329771704167193,-3.780623960857171e-13,-2.4124455519750637e-13,1.1865922870443188,1.770150489950512,-0.7117330199381884,0.5154053865835203,1.5194639759322321,0.0820822115986373,0.744208116130399,-0.35787144288744444,0.11133235211254111,-0.5928092485583216,-0.6379170510985084,-0.04533494079110644,0.16100099178271618,-0.4243384250131208,-0.0755453807719627,0.1818854870136925,0.2321653087538023,0.05696387312325039,-0.11053735900501764,0.06690660784185327
20,0.3662495026659724,0.14135725010515632,2.428300142632899,1.39860709280181,-1.2229927689977056,-1.5209643392532424,0.9331845124179399,-0.7160423314823949,-0.3514412938128698,-0.8440031516373752,0.9687601750468673,0.92332079627189,1.0039536405007594,0.43283272643443993,0.11714805382840494,0.1476824695995915,0.797801207185086,0.00949400757144663,0.6648734832786799,0.8086794511914345,1.1710092694104008,-0.37433846065080767,0.04181806818725511,-1.2917027358284122e-13,-9.461432979446102e-14,0.5026942480474981,-0.35483757036341107,1.5760633200640741,-1.1285731053162276,0.4314159154568915,-0.08139743523830167,0.056585985686252616,0.994417240137358,-0.37953189514733593,-1.9060825648915185,-0.659023820213236,-2.107140513831154,-0.24826900257752932,2.7288295701487195,0.5740687130742441,-0.05312165898755048,-1.7505836310588099,-0.015619875440288469,-0.8292334728301667,0.43051826282147393
21,0.5944195281775944,0.11723260489910806,-0.8291515998584515,0.6861942022933233,0.7787209735493738,0.576714518820627,1.505478130298585,-0.5800654816906823,0.5567182327563037,0.13040622039542002,0.01225105818299985,0.1315497932215618,1.4136976227319544,0.5833601450261311,-1.3863525573189632,-0.17800420746092746,0.45238956974199285,-0.41007624869360393,0.6769139783247605,0.14031215186685125,-0.05111737122368039,0.012962416793590717,0.2257423264759709,-6.419658075487241e-14,-2.2030018541917047e-14,0.22262390534246818,0.1621377904347889,0.397937030377382,0.4032509143263846,0.03371243141887721,1.6696065931735216,-1.9079959246409275,1.5233720857918296,-0.03725812189960417,2.0852628747517405,3.595696975602402,-0.5798514007426696,-0.16973001926826342,0.4814372523063771,-0.2135949801125463,0.08504646274760193,0.5108412891453085,-2.2159509562822666,-0.8117709468233129,0.748470028558464
22,-0.011208976122357097,0.08559044572296495,-1.1276204675799861,2.2432263637078096,1.1763940828216173,1.7698703220428744,2.7837642619823937,-0.04628177454205605,-0.7862980332213001,-0.8851178614483741,-0.21555293683878407,0.12467246119750741,-1.7417965736885894,0.34499575060633897,0.03496773605137574,-0.5559641759909713,0.7169920959705942,0.492060383463627,-0.08149875451682108,-1.0126486876773477,0.5339010397818323,0.14818921425697024,-0.6600578123471248,-6.204042663515925e-14,-6.851378991906513e-14,0.2156992678413782,0.04421460824613614,0.16270052593483328,0.12563676007122376,-0.2485348625254488,-0.11538525847576105,0.0029450393040532457,0.13627826575438667,-0.2884154651944431,-0.5085901378032566,-0.2699588750773842,-0.5064695029375138,0.19521994118177938,-0.9843936801279656,0.06578569166913695,0.12689314238997232,-0.521680786254956,0.477540111331879,0.22012162962985404,-0.20690650157227672
23,-0.6967063252461518,-0.8830776518722466,1.2825654636249524,-0.5593473292550878,0.9527662313336952,0.17059466675048568,0.3594877791996807,0.1994520591261909,0.14184229075698562,0.7731003645385465,0.2655166222213251,-0.30452362150009626,-0.5742358338355296,0.297972612467068,0.11625317357142825,0.3508759044981364,-0.4503548388383436,0.09339161902136932,0.28583413282150405,-0.14857735494032015,-0.2525732570907026,0.024249636362817625,-0.02735476699530842,1.650412888673788e-14,1.2961050335827809e-14,-0.07273157805313221,0.12142930715840425,-0.29491680485537536,-0.8003402097931887,0.37705829074142017,0.6592050253157382,-0.44431753205626395,0.26170233367738244,0.20469698974765826,0.04293056502271809,-0.20425724794569966,0.24835508872705545,0.8291681120412321,0.05193630914823427,-0.15880481196195434,0.3303847934138162,-0.1086518391599891,0.017946337365048387,-0.07941844244285971,0.06616980881434893
24,-1.046770852636159,1.1212520966812414,0.005124463954700316,-0.4202343158070431,0.6612480658610916,-1.2241498875032226,0.7002865470969419,0.9859437298706535,-0.055457716880762994,-0.13566422882903487,-0.7688392184722608,-0.2355021316545502,0.13104399621083865,0.4363917221853635,0.13677600352233232,0.46211029539843,0.24845271308156183,-1.0422067780816262,-0.1431324175079678,0.21193427193719677,-0.32372236157535256,-0.16519148695925873,0.03322622453765618,-8.452700401635232e-14,-3.540831791973143e-14,0.27456774143607054,-0.17233788889564727,-0.15063595514710165,-0.6751040396381968,-1.6717654597748566,4.46995163848674,2.794294180620761,-1.2786214614860512,-0.06663541971544569,-0.27711787973879753,0.4971384180746071,0.6830724704350201,0.20147874808129185,0.12525377865325704,-0.6825538475217815,0.4859086086844626,-1.0155556825762988,0.7728280489164112,-0.6029764106110967,-0.09729421342450248
25,0.7247761047898337,0.4808552283946829,-0.4707502032784907,-0.13972854984117528,-0.16430105345877222,0.008812370481325079,-0.818727319402212,0.19746596917973244,-0.13922115846896468,0.09103033601914236,-0.28870379896395815,-0.6074851770753009,-0.7223544175927192,0.11462571530479815,0.9904925721400002,-0.930371101483875,0.879785423348119,0.022858850490226536,1.4674762371182597,-1.202829249979842,1.6418189269049157,-0.6650528922524197,3.673444352120312,2.2027684168901285,3.0245348901208655,-2.509405293125462,-1.2866017902472433,0.11723483079061972,0.2681262705736428,1.025870528225647,0.43113761582490956,0.13475732171143318,0.04263139857441748,-0.336840632644219,-0.10822894992580905,0.15718184402543148,0.15903813060545963,0.14800680811396028,-0.03863352323299011,-0.1002584099012733,0.019409460473268046,-0.05786878405421973,-0.061215665223529295,0.15806721929574435,-0.09792747343281423
26,-1.526736901685876,-0.37496323615908056,-0.0953511374133613,0.4744382885631766,0.48890555803179375,-0.3715702007499987,-0.18810180950856303,0.17264059964740588,0.4564250898731122,-0.060515093486792036,-1.0941887434597957,0.3824486033975357,-0.5129846952871395,-0.4300346424547312,-0.11938343595202858,0.4116355352655746,-0.29124873497975845,-0.024520215802810212,-0.4339256400973338,0.03175695225669577,-0.009195891825051138,0.06625682478953639,0.2745607470591921,-6.301108979891714e-14,-3.24051969147536e-14,0.1923810312337643,-0.21692300684393745,-0.3835374241663526,-0.3978348683131019,0.06144014935433317,0.10577702182414091,-0.2386714344922102,-0.10030291624202652,-0.0568131809624242,-0.058619186019197037,0.10499562955120678,-0.08668659471195794,-0.3930083360434772,-0.21537028191134205,0.009583112205740398,-0.10524622739588041,0.1117023030656064,0.13891243468189154,0.009935797266991255,0.02759767064888959
27,0.18444378350209556,-1.4567547391209303,1.4544969082347572,-0.8982120542131339,0.9128886645912793,0.4584996944174836,0.20165731848979912,-0.9334543026376586,0.8400105954562443,0.3384346891820175,-0.5955431959393918,-0.3709457353151285,-1.1101627380912165,-0.04787069491789765,0.18819080359963083,0.5005821477212171,-0.890276547650914,0.11014137841869993,-0.08431130496370653,0.19686668616299316,0.03333771536752626,0.30669619814913407,-0.4505261337248455,1.9624957096116962e-13,1.1569494686892296e-13,-0.6917842783728116,0.40483474451745005,-1.2103020519479724,-0.8457740573710861,0.8960407448566151,0.33929787714146586,1.3940983425622173,2.887960765687902,-0.6026269426173323,0.7168452377726311,-0.6208938687578225,-0.2226990256320173,2.9878157051329213,0.45403483068402417,1.4179333296471828,-1.435134338644549,0.1778254005258267,-0.31670541807094044,0.38412562286913676,0.13333355216122114
28,-0.48736966402686166,0.07127253735897458,0.851835558463567,-0.20860062218917372,1.044558278180069,-0.01899126806911724,0.05588366366206619,-0.20949128698341374,0.4531681061866649,0.5847850827534835,1.0331716188680455,0.06440757283830223,-0.32741485534747944,-0.8945877719746596,-0.6109252761381476,-0.0944785351055462,-0.1750082263403137,0.021798149750034603,-0.5746697804260076,-0.15657023500646383,-0.15377649238509558,-0.13466996146435786,-0.07547868197715939,-8.427468093545007e-16,-7.395829022029339e-15,0.018949598525868173,-0.16319931692282527,-0.24736227678850478,-0.6100040733449903,0.8971872122644846,0.6596283842693512,-0.8402325860921029,-0.33952040385811944,0.4830518399798655,-0.013626728957590994,-0.2777982699424578,0.216691283027825,0.23544894750071785,0.5112382147935823,-0.6369531879085667,1.3106538165464479,-0.5719104559420135,0.35729540557935374,-0.1262460901403848,-0.2523538237974175
29,0.7203389101435791,0.45222911306035857,-0.4832309702452628,-0.15953700035260102,-0.3130113730856179,0.25277872300431975,-0.7657981688562964,0.03156863178310919,-0.050808099616259726,0.10237530605553176,-0.10047734687702152,-0.6930134424212248,-0.2500485656735094,-0.29706284890981693,0.6551529618140378,-0.25581839788861105,-0.13792914260610328,-0.17824794615080825,0.6676285876240184,-0.8154280964608033,1.5330096330195908,-0.058284802281383476,0.9888943115881602,-2.2027684168890684,-3.0245348901199205,-1.19049551961596,-0.8033033316127755,0.545612864040762,0.041481628405314656,-0.5914480113343072,0.4527596590350204,-0.5380350154704338,0.25222221164924297,-0.14036662486664092,-0.5307979934370295,-0.4839747292823879,-0.3786456733853631,0.40754474914151384,-0.4142851287410788,-0.007688881437480537,0.30892862664693094,1.964956984223937,1.4152087014769754,-1.664803563961978,3.0990229335679036
30,0.5612702550458198,0.18589761807902344,-0.6071119582578625,-0.03883866204551341,0.09715709721893251,-0.9862303284078948,-0.08288219128855409,0.7885253643446413,-0.040905936020687414,0.2818336660545532,-0.5724840191715701,-0.18041838130116097,-0.16000737326816555,-0.09623813883420425,0.5879689663385832,0.002994932488838893,0.3971969800610312,-0.6484506888105053,0.3084216619958502,-0.17830671741074477,-0.05756732639793074,0.01625528549713192,0.575053269659512,-3.4335012989358623e-13,-1.994275159214627e-13,1.0341883868313542,0.6361929988383077,-0.952476389599201,-1.3172809689581835,-1.8057298399689583,-0.9426377196701037,-0.7032572689979304,0.06189183097545704,-0.6898553980498442,-0.11612608571207832,0.5168575435562914,-0.3045328265303321,0.17067237583988432,0.6962593609764978,0.05783425854015954,-0.04722039326239188,-0.27748623048065385,0.011031951982335579,0.43583724827727116,-0.2935285546642724
31,0.3569950350012522,0.4532078090153638,-0.3490385564917668,-0.11627405704988039,-0.22090723403325901,-0.4166067858892841,-0.35375163194276343,0.3573471614727627,0.022547386197229673,0.4940699439339312,-0.47964192244355075,-0.11216828596307012,-0.4824287530437882,-0.10351727535468117,0.6075606692400621,-0.11472781682829099,0.28389780197699277,-0.1448065770433711,0.2933322709086932,-0.10561473436454953,-0.1297549113226221,0.13778020967035468,0.511367718059502,-2.936489562620658e-13,-1.7162494810749788e-13,0.8894157090376685,0.3011921034456955,-0.8091868885425629,-1.1734946694998132,-1.26365523131725,-0.8759290680978911,-0.5380879174267077,0.06068940630574367,-0.3955166624776121,-0.010456977081364333,0.45726556342440744,0.021307584010550964,0.017575242222724687,0.05502720882284391,-0.0937040985357031,-0.20830494545511632,-0.14551535991583095,0.04769929055159236,-0.01523786968377093,-0.08127255268652335
32,0.05791017620376452,0.7171291897499363,0.1073806203409308,0.608616194069757,-1.3339042090960003,-0.508714042726272,-0.15598353446855462,0.3872360089345541,-0.5349463487015542,1.6754932439294883,-0.8167424800977374,0.041487005249336656,0.05039272403580375,-0.4162054026147026,0.8345021926381928,-1.042982028012553,-0.6309699764284457,2.8360462416045342,3.7150293267348298,0.9343704029683689,0.02765984098042733,-1.0198482641324509,-2.644141676737928,6.1476228803457386e-15,-1.132304661436089e-13,0.1352738458007853,-0.9443011336024798,-2.2948697458847285,1.6998120350263548,0.5161342299992578,0.7233929357540554,-0.1821271833488331,-0.4394591321961916,-0.23281176883591875,-0.21861057925063396,0.24359107891050008,-0.242524900962816,-0.030979242265208908,0.23608738101609045,-0.018655096917111362,0.12663930093136838,-0.08817956441515876,0.06538073943587369,0.07506613707039636,-0.10311432359169677
33,0.9974433465910083,0.32013279336757694,-0.48397724077565485,-0.28505315906263995,0.08375726775428641,-0.6526140522841674,-0.7980291052392967,0.19133258186857652,-0.6822911172529119,-1.7728253141797334,0.2526430653417574,-0.05392668569133234,0.04121897421185608,-0.8087451181335231,-0.4549431743443638,0.7039266570479135,0.2711601175769683,1.4185553244203544,0.04412690503431861,-0.6807541148851282,-2.029653618092007,0.20961578448372592,-0.04559689384064031,2.7832136824236263e-13,2.2476694316662634e-13,-0.9951843040679057,1.3794713803099465,0.24043376364232866,0.32306155673359116,0.018598350180770704,0.5279533477938168,-0.4185843532667629,0.9901228245263727,0.06597698238668107,-1.7110738204094418,0.49312454161826363,0.550397128483985,0.06357010033258617,0.08303088751473846,-0.5411198967348902,-0.35689355235058445,0.05182776424035198,0.08687828636174469,0.20106672703538025,0.024408933773740805
34,0.16716690434719872,0.3467678379246297,-0.6069993695216784,-0.04773765175316838,-0.4087889487686679,-1.2358165024573702,-0.04926542158573245,1.5698295800879145,0.06750676589458424,1.0310732433603822,-1.4065502485097046,-0.593146283261334,-1.168952086352121,-0.15182142425984152,0.9391023144606294,0.28550803124020174,0.9900724274429997,-2.63277493796907,1.0798222914369482,0.24370523937580374,-0.9413261848860032,4.238191802434889,-1.2562422047838906,-4.920524465386484e-14,-1.1951713315245794e-13,0.17579121920849977,-0.6924040601548336,1.731344575371,0.9080027043389618,2.297598365150521,-0.32270145437944514,-0.23062800787425997,0.038017992875053294,-0.15900388265079596,-0.3199331694328014,0.2496479481632623,0.00843842273877099,0.06794467200982092,0.10631827274157613,-0.20716167463920004,-0.2215387781854906,-0.1121276856950422,0.018182769713083725,-0.14725023753498628,-0.11961994485157541
35,1.073219282180489,0.2686444240230462,-0.7332431449528953,-0.19742960057265002,0.526161700665609,-1.3736902627501069,-0.3988304402757906,0.6554321835933379,-0.9095937368974715,-0.6221645195767647,0.5248173555596547,1.0290489359899602,-0.581967159495322,2.621606699393775,-0.98644853927503,-2.6406553601156153,-3.598375429323845,-0.5352166525673282,-0.7336124522421301,0.6190389330927717,0.7439123988688254,0.30679152369803553,-0.058429348448847264,-1.866230317905723e-14,-3.773871057273469e-14,0.07906876986695631,-0.18678181789521453,-0.024995621065151914,-0.0983708705231184,0.4821881893995517,-0.3216935702616714,0.06378480140247934,0.3122257903487212,0.7475512184879688,-1.3048189150310268,1.0410392414754255,1.2230917660132843,-0.23150184137268867,-0.1199362883873996,1.4911047777888606,0.38613274063226544,-0.1710933038140228,0.01960076176272493,-0.04108263596294286,-0.1372218670733319
36,0.43675079132731953,0.540121942226083,-0.4532338252705645,-0.15963610844237722,-0.3503134971375457,-0.4580974270473507,-0.3772848390726919,0.47769462704765103,-0.10516840613561282,0.6783879629769152,-0.46818301551084457,-0.18697334945323302,-0.48654334638659436,-0.06392926523239406,0.8320083870359181,-0.266674988081821,0.38436555973101577,-0.25983700611080807,0.5163377478024179,-0.17372661109510104,-0.16553011192176215,0.19622592925233756,0.6637922173787094,-3.619718559845687e-13,-2.0409755850673704e-13,1.0748818543779532,0.6477924477064494,-1.0137906464996336,-1.4895023180051123,-1.9162780363874792,-1.2324427844439687,-0.8460549210313408,0.1416413425333782,-0.49054831780007324,0.0004270976959067148,0.4892650242295864,0.08803536218737097,0.23039681734368583,0.247174773087101,-0.12554500422314363,-0.2907455278679689,-0.4016189590865741,-0.0332131927021385,0.057883922183803505,-0.17569866270811535
37,0.48453606411245176,0.47987158242285854,-0.5278092753427576,-0.12280197432573459,-0.2953869718194545,-0.32385341358430536,-0.1958493711151903,0.3192589818907313,-0.048726948931607936,0.6398172808233682,-0.28227657498813036,-0.13264516542619326,-0.01799415363858143,-0.041111220768610644,0.8027542908116094,-0.09071879631395537,0.22051780593487033,-0.2615156462831734,0.39158158142382826,-0.17992804094877998,0.020608485253483588,0.1600451596642069,0.6886895868379875,-3.690344442790448e-13,-2.1723023884712124e-13,1.1134174740636964,0.9582925827260326,-0.9282076042027301,-0.897286350186096,-0.9019939072680525,-0.8189317833019938,-0.348265059405944,-0.018168497040734248,-0.24949918922053388,-0.1303684471149604,0.1314596105354346,0.08319676905092467,0.1943234743227758,0.04838155652213967,-0.09884860339728042,-0.1354702062217274,-0.13209310023590806,-0.012350423838687515,-0.028936908282582958,-0.06563074411685231
38,0.374902771963319,0.03834266613558438,0.050239106033084416,-0.22534257335051106,-0.08019815431450258,0.9758559520095484,-0.503415611891253,-0.7703338308799335,1.3476922781289,0.14682640849833867,-0.53299564703447,0.07335536781098964,-0.23146357998325257,-0.4554554443339355,0.07571426172216648,0.362186861485839,-0.6727195116738635,0.10912337902455964,-0.39006410133730396,0.26586700495216564,-0.036140282971599144,-0.011559037633816828,-0.13576795750113596,2.6683759628958684e-14,-2.9796302440495486e-15,-0.05803079134177651,-0.14405120776686325,-0.34821514837825646,-0.39393380654890603,0.886693694394468,-0.17367052223813953,0.9498753045195807,0.7936293251041736,-0.5732017336510264,0.562174561259843,0.5587100833374028,0.1628533556641106,-3.4494753501799402,-0.32999896876716167,0.013915356353410065,-0.822264621057645,-2.471863722478669,0.8909779832990393,1.7506962276739408,2.644484997028097
39,-0.3091434811198394,0.8223747715904709,2.0052490234811566,1.3701793172538392,-2.2992448269452206,-0.10323833039793247,0.2656552834661948,-0.5221164356730358,-0.04715388002542523,0.2001818158134164,-0.16778166267624192,-0.002239788506118947,0.42102380499872327,0.2484126394228891,0.06676302744572807,-0.7957040342788505,0.03135122176478602,0.010680059148445742,-0.26155795588606445,-0.41310971338441815,-0.6958757592054879,-0.13187699850571777,0.003188159848536512,2.9831746077240494e-14,1.922353509228476e-14,-0.09398907051391114,0.3494664014658242,0.7047190605112743,-0.853428490540515,0.26976991448087373,0.013396881940508273,0.24704732773313315,0.018015651943976294,-0.028385973578403233,0.6610444893832552,0.13335872168107785,0.5858106866680736,0.07453181120708453,-1.161528807648592,-0.14035199612569926,-0.002801188374440231,0.7419968909613778,0.14854987609793138,0.3870661927885392,-0.20790948399734077
40,-0.5666765180576271,0.4812579371798057,0.29866290315023375,0.6659946699655193,1.140172497515303,0.13070800774100172,-1.0502568407078112,0.7421581551290208,0.8118724221972432,0.9208015150274085,1.8496190119248275,-2.0273862983631155,-0.30139126326396215,1.6066540665976856,-0.26204874852996096,0.08627379590124529,0.879175264947613,0.3614581635223616,-0.3002030052505378,0.04284086605426537,-0.22678117170994255,-0.1019450865046588,-0.35369163645333507,5.072946303938167e-15,1.9006030258011237e-16,-0.026012376136349224,0.08834801852639154,-0.07600541213514204,-0.7921441267483533,0.27455657809052064,1.3660313703435285,-1.6660774282605335,-1.8748472869283046,0.9622442426958395,-0.836028597478388,-1.1209399671583928,-0.9470418044018294,-0.9864544368506027,-0.4494504115947893,1.550884508976275,-3.0401619110293407,0.7340787020203055,-1.1067210088305948,0.6355596379197954,0.004400887171949561
41,0.6880144917503228,0.31520214707865823,-0.541106461956465,-0.23890902680069911,-0.870871133782741,1.036421217140838,-0.6106750262309101,-0.35944189473804167,0.1275895784715864,0.12080619367482834,0.18917895883711405,-0.8135252588790992,0.3244136903415854,-0.7299692807303177,0.38983525842096284,0.2511943581230196,-0.7449861095946171,-0.2819217427752828,0.29175160560887997,-0.7069566116230385,1.5150182739196922,0.004426014042509986,0.8725499477352381,-2.2027684168890636,-3.02453489011993,-1.2021891401389546,-0.8477777009193339,0.49101154417758275,0.13120283900341712,0.1427633904938295,0.43845833500354664,0.08122763798086172,0.025761549732083056,-0.36196445266748134,-0.010436989797093902,0.3736693062512,0.39292682628275116,0.0020410762394438907,0.18534413889422793,-0.1627214797147557,-0.185219998833951,-1.7530943380657091,-1.3117418073088611,1.7519250055032145,-3.2027797124721373
42,0.7701481524104841,0.3614450818988827,-0.1740354650556983,-0.2253283746077511,-0.35194155915331954,0.14959339692757742,-0.8252659436887064,0.06313418064531452,-0.2745650065440229,-0.8776513951800563,0.007376233439101784,-0.33845551527082296,-0.2628361303671026,-0.45897967805802053,-0.16689461610640893,0.27499437103437285,0.026285989998626018,0.4901425456798839,0.004596322714997337,-0.28303163852441804,-0.5049397578591805,0.27034514638013607,-0.08163954563075804,7.780949983234723e-14,4.411561038890991e-14,-0.26269618398275435,0.2517291276924177,-0.0709698733324834,-0.005875796050338846,0.059896529679797327,-0.4156612706985924,0.42721935421844465,-0.7659827462827271,0.317912009523844,1.9001129859622032,-0.490373670297575,-0.5398296082693383,-0.18035389242282268,-0.570593881898932,1.9127382750020991,0.48398673210336673,-1.359722270931349,-0.29380881531863323,-2.3585448171638053,-0.3838624129004181
43,0.6665811380977537,0.05121020514496788,-0.5450754463063996,-0.03381351997921457,0.3161449412777172,-1.2045875806245439,-0.10056642801495072,0.7891777315325313,-0.22946270658573176,-0.8464386766313041,-0.19246895823396049,-0.06655898572203604,0.02906457029511696,-0.2589361837656346,-0.21386088415991544,0.5762798015890861,0.24534948680922503,-0.1066311646138098,0.06980092260859919,-0.04839815704337065,-0.349279456974395,0.02751626394356445,-0.12042903419050681,6.602598063476385e-14,4.39061631651492e-14,-0.24206644822034754,0.30579999350187387,0.1390499947994734,0.04230195310213524,-0.2278144468552254,0.5363004286409983,0.23819609065673056,-0.5378091683508724,-0.5626413962073346,1.1296396158876287,-0.6674491923105477,-1.5882663239754753,-0.1621017660024635,0.629564765602969,2.447772615151631,3.031759144692179,1.6395861312539808,-0.25984649711308716,3.5106969933093324,0.6195891651529618
44,-0.30914348111983947,0.8223747715904709,2.005249023481157,1.3701793172538388,-2.2992448269452206,-0.1032383303979324,0.2656552834661948,-0.5221164356730356,-0.047153880025425275,0.20018181581341685,-0.16778166267624095,-0.0022397885061189076,0.42102380499872327,0.2484126394228884,0.06676302744572774,-0.7957040342788505,0.031351221764784214,0.010680059148447156,-0.261557955886066,-0.41310971338441826,-0.6958757592054874,-0.13187699850571927,0.003188159848537235,3.06578148414661e-14,2.004603038790378e-14,-0.09398907051391181,0.34946640146582386,0.7047190605112743,-0.853428490540515,0.2697699144808737,0.013396881940507286,0.2470473277331328,0.01801565194397668,-0.028385973578402963,0.661044489383255,0.13335872168107718,0.5858106866680742,0.07453181120708414,-1.1615288076485915,-0.14035199612569935,-0.0028011883744393255,0.7419968909613788,0.14854987609793033,0.3870661927885396,-0.20790948399734077
45,-0.37833032232450753,0.34899668508285225,0.27106518855366535,0.09030411193622605,0.6031934698926819,0.17304841263496948,-0.49475641418164445,0.01419900236043491,0.5243977287438385,0.2679596251138754,0.1519145767182168,-0.34022381301644156,-0.43629382457261734,0.1239475559709547,-0.007441086718660969,-0.01055152414865561,-0.0015265344361731338,0.1333858221336738,-0.13356560343882515,-0.08671962663177231,-0.12424383880139814,-0.09801308191987146,0.03155906798969637,-2.348305280437569e-14,-1.3378153496410544e-14,0.07457376655109275,-0.07904104687080257,-0.19238738611656198,-0.6820647423882161,0.4291911493678602,0.6214548028075317,-0.726088763686261,-0.3109979985589868,0.41516409029526236,-0.025733662059688404,-0.1563578205461743,0.0974366249037095,0.07299430402600345,0.11791026453840858,-0.2816429190739658,0.5199660770824266,-0.18269212698358325,0.3053532723767359,-0.2094278604381839,0.07473374496961249
46,-1.2792980982656066,-0.0869263341210829,0.03215977330502784,1.9874993569022952,1.3848239396459265,0.33411625625391783,-2.1591956285761205,1.1036829199060576,0.9570872358583058,0.9878426906094708,3.115565460917969,-2.4147927241001406,0.7806013754543597,2.023357803803785,-0.06961249433541469,0.027275115771644924,1.0557575485492223,0.3476039114457917,0.09978486484759683,0.423208208400254,-0.1198125023205869,0.10724763147123206,-0.5474100679454293,1.0166614495844279e-13,4.776208802156405e-14,-0.3086200778359408,0.25954624482287286,0.40704623090154024,1.2837189780834557,-0.8471224457340197,-1.5659553423044112,1.877097794001467,1.2888745714840804,-1.214482243094239,0.23191929564893782,0.7574982408743739,0.37641782398274526,0.2597021075566786,-0.045143821968241404,-0.633944627308781,1.3328721905074885,-0.35225043250684224,0.5670979977330106,-0.16357443671319266,-0.07161897349508772
47,1.0966198040015553,0.218741299106531,-0.5752158199975538,-0.1651663412079228,0.593369735596754,-1.3124577136950881,-0.3773835726604633,0.5558612173587341,-0.7669172533593811,-1.3389225786247911,0.5472023907864024,0.5237744783007431,-0.15955165438490881,1.1234197110897386,-0.7132198158870593,-1.0788023789894103,-1.938138960584865,0.2902703194460542,-0.2665877969330767,0.338620382548656,-0.052124056836379586,0.33238778331355784,-0.08498794906086718,7.644604243903279e-14,4.302744288678964e-14,-0.2369126305361915,0.3183407846782317,0.22620940532734096,-0.009401986251936823,0.5051714252609452,0.11840156392260656,-0.4431910437994996,-1.1214031817704808,-2.8682400593994766,2.290573867835147,-1.6161049531793814,-1.2549733514647836,0.5160892042312392,0.25651473766477706,-2.90232308417601,-1.2376838353261372,-0.029452611929610385,0.11244973108567782,0.1645204782382594,0.16917234559974564
48,0.6835772971040688,0.2865760317443332,-0.5535872289232362,-0.2587174773121252,-1.0195814534095864,1.2803875696638316,-0.557745875685003,-0.5253392321346659,0.2160026373242904,0.13215116371122496,0.3774054109240595,-0.8990535242250246,0.796719542260784,-1.1416578449449406,0.05449564809498118,0.9257470617182708,-1.7627006755488615,-0.4830285394163921,-0.5080960438853344,-0.31955545810406905,1.406208980034402,0.6111941040136614,-1.8120000927973412,-2.8996993670033566,4.426256158538442,0.11672063337451055,-0.36447924228481166,0.9193895774276312,-0.09544180316493443,-1.4745551490660544,0.4600803782135957,-0.5915646992009711,0.23535236280688726,-0.1654904448899183,-0.43300603330831544,-0.26748726705662185,-0.14475697770806661,0.26157901726699617,-0.19030746661386835,-0.07015195125092849,0.10429916733971156,0.2697314302124513,0.1646825593916478,-0.0709457777545029,-0.005829305471424272
49,0.40432000387132677,0.44324683436205314,-0.6268343101429931,-0.32606264999573314,-0.6169924894296959,-0.2958849450225891,-0.638119668236955,0.14701054834866184,-0.5116690518708555,0.661036835166065,0.08317182399953718,0.8302279794556616,-0.9954929614087742,1.341369788519509,-0.3598909656396094,-0.5546329533768819,-0.6150989916493397,-0.19606192733358016,-0.1164563764793944,0.03554332303961541,0.131015872791607,0.14085234422275383,-0.01961195331022602,-1.9731986882918382e-14,-1.5974773450926082e-14,0.05242491695992877,-0.13627896406932316,-0.20017827453829357,-0.10639801620631831,-0.35441116972970577,-0.2724013335015794,0.47073580835864554,0.5768502010967607,2.0711140853015495,-0.5253239691663356,0.4956251326018791,-0.051213509096124765,0.030363827993619773,-0.40466501433084207,0.33912264882585125,0.40547044548371647,0.05688641711040737,-0.08414863958441564,-0.02057172175782143,0.1256270328491197
50,0.9159370053408342,0.07743592794505286,-0.9836728648253084,0.016759411859303984,0.16118079172058583,0.10249969399533654,0.649967153334132,-0.42341073365083065,0.3379710188670688,0.5782410798061255,0.3193733369206876,0.1514927413118649,1.9827669518545321,0.13774352902942108,0.4732807068912387,0.41324359618525763,-0.19482815695094025,-0.30669713109933333,0.1471945975738733,-0.2559645909727699,0.5600507107841931,0.09655530519708003,0.793796492464903,-3.992577051361949e-13,-2.5355636888386695e-13,1.2468323483446557,1.7910471854609877,-0.662983094085503,0.5958025826930216,1.4554445623980041,0.21316795321047494,0.5208607522591322,-0.2390143378858777,0.2697296604614269,-0.21237852211318842,-0.38971300612289095,0.12821424421137373,0.1403302852332849,-0.1450685693513162,-0.04233108575972204,0.05416007619707306,0.3121611322171836,0.031209734876440763,-0.17188847957131334,0.08008910073250357
51,0.7838969388443623,-0.22817853348658707,-0.23829540793862874,-0.49565318650264656,0.11647144310507103,-0.1630541960432717,-0.5216414035198612,-0.8152847568347154,-0.8910260537966085,-0.08826787161837964,-0.7663353318930268,-1.0317468412014208,0.8345600775411397,-0.4372522511714408,-0.6333068942805269,-0.49433406917917394,0.5070446278450512,0.19519501237025152,-1.7166261799976348,-0.6582769581256914,-1.4222709229908221,-1.1307475372371785,0.312851088971663,-5.975962776640551e-13,-4.4092607596217324e-13,2.1492745693357342,-3.2597450169977327,0.04314521505504962,0.867854100021178,0.7277673621331097,-0.717669062718643,0.8789364739242058,-0.7920747993780217,-0.9118681577177961,-1.190798982974528,0.7631679328517592,-0.7524822581218059,1.423656163205429,-0.04548160233563185,0.29418574237567935,-0.24705568290372332,0.35028878088649873,-0.20535433565435382,-0.02339640261335959,0.11127566714815514
52,0.5392370507666584,-0.050796964362660665,0.46938502549471944,0.029360788539612555,0.47492404582651304,-0.861731707230714,0.05814906969694346,-0.05503890187337927,-0.08518362834863938,-0.816617310943332,0.4683039093810801,0.28558295848413934,-0.20033021146232777,-0.12423141812708689,-0.06381897486722049,0.7755522875900572,0.3721885368205903,0.30930489122518634,0.22595066682675674,0.43226127910148415,0.5311157617279184,0.1373013783683406,0.04672303138228059,-1.1500515761191437e-13,-8.034673403836325e-14,0.3935779405433051,-0.4321633374701963,-0.038506186724930946,-0.35839758922593645,0.020436058669540225,-0.152708346502889,-0.03382057423412742,-0.1579717179925189,0.06246434389364787,0.09746908437126788,0.24685227471172042,0.11549637324856413,-0.05939551548455617,-0.15869953934530914,-0.060248451989808924,-0.03622941841139594,0.09805322185206303,0.05236696908830801,-0.05656937481647829,0.005173245879875993
53,0.5605075842651763,-0.38749894055620626,0.0559487166075812,-0.47678256454439305,0.46286542657597113,-1.118420127131168,0.3061261978845836,-0.2634511127753081,-1.0095134798881253,0.6507047374118952,-0.23221020959728497,-0.32989866070438867,0.3326395567641986,0.04120128665284061,0.03059650373544389,-0.41964384827085144,0.6742295396217586,-0.058640273061064216,-0.19962104027687658,0.08608925030136634,-0.46339078424215385,-0.2976396967875384,0.22998516408434608,-2.92973631027558e-13,-1.8536316566401995e-13,1.0155583453421975,-1.3005332853902265,0.25962930721361227,0.6591750926937714,-0.9525488647872239,0.2447045121411228,-0.36467002437608087,1.6197692792288219,0.372241806730394,-0.11653201590784579,-3.033754423989994,1.526074884111287,-0.47413249752117237,-1.45896591591794,-0.8358025773562258,0.936538876486354,-1.013397940745445,-3.3096479288591034,0.10229098036620628,1.284117277860062
54,0.7622224043760173,-0.19839009171500238,-0.08925361932616292,-0.02394258390121763,1.846340772621728,-0.4522628031447288,0.4024813201279037,-1.3635608023429917,3.071510344226615,0.8343459173940133,-1.8932156941337581,1.939291059095731,2.6483961073727977,1.009304301205118,-1.3834318533996885,-0.47006542420350195,0.5846315648814191,0.8982731324767999,0.6021808471388599,-1.0788162744774366,-0.1346596097001505,1.3771879624881422,-0.7567654511824514,6.654575430541501e-13,4.499747840669066e-13,-2.279631001495334,-0.23300045281478116,0.2497366923584175,-0.6257039405072357,-1.0516053456416692,-1.32400608672129,0.5502051482107839,-1.6603488872496286,0.08296598898928575,-0.9161746234515007,-0.4803875012662238,0.05938934168645489,0.6139818991855763,-0.2624976217788631,-0.08680616285062048,0.18414543334410932,-0.23224552199704065,-0.4314195841566189,-0.002051520324395983,0.0419589362075259
55,0.18287464443600293,0.07392223188741952,0.32018131896614527,-0.08535924821554955,0.4116661791149058,0.35549298534578294,-0.5956242420386014,-0.4810172512276347,0.9596324629121087,-0.019976219022074866,-0.89184659476424,-0.2172185296461365,-0.56661457731398,-0.306362167451684,-0.2263637084259731,0.14487676196807675,-0.09340786703394949,0.25343477972873124,-0.9975634577351485,-0.21115175914080594,-0.5282188634018559,-0.28382581696767845,0.11234967161442233,-2.5647710988580077e-13,-1.943372709826819e-13,0.9072075745675887,-1.3306903839266782,-0.569718199973126,-0.5843142271881571,0.6751766120504377,-0.41378751233229777,0.4802764691784767,-0.2650385936553462,-0.7472536254542519,-0.22376210155978274,1.0702863722134626,-0.44947075418410576,-0.40679505871394783,-0.27477577832438593,-0.03563816569546856,-0.18593410285898745,0.44503677736890407,0.29457966247294987,-0.284578463310844,0.032734711303245616
56,0.599857251118719,0.19524692397598337,-1.3045998646350103,0.5083580434364914,0.1296591614887067,-0.01949487872383337,2.2394048115289236,0.07897045163960928,-0.5468415171117557,1.2659329184435009,1.0869778397094194,0.8470219219784635,0.6922722968271708,0.23451261388529515,3.9262000814504945,1.1709959836559771,-0.9410280931893105,0.737853505697342,-2.0183014810583524,2.1613319353416833,-2.0627982300066323,-0.1742028239503915,0.3277940733978903,7.125522702946726e-13,5.317206642808665e-13,-2.3051016943936764,-1.3986906796705245,0.25886195728828815,-0.15468909385019233,-0.4610583783255399,-0.49940887276078644,-0.22071437404616662,-0.25241765360019464,0.41007281730772105,0.4811105418294569,0.2632014908915549,0.06592701607922556,-0.03253109820515624,0.5771158046490255,0.09603493218930538,-0.1969778791579896,0.21527565051546693,0.028026625478603906,-0.1942175480273625,0.04505651735421291
57,0.7546570643516076,0.2025391041401458,-0.7802054298302789,-0.061353561796084324,-0.3604043044453876,0.5701179028418712,0.24681204006509022,-0.3675339929819456,0.19149343658198514,0.44481829049568133,0.3492384794851012,-0.09914035982363285,1.4368413103949083,-0.11013774073479503,0.6185184881904251,0.46833632938762715,-0.3534016598523128,-0.2864198597701207,0.028539394441166127,-0.20911115145998935,0.5246219739914297,0.08103670211335984,0.7406320824493471,-3.8852308744362147e-13,-2.512642181089563e-13,1.2144294209519328,1.7405351081640397,-0.7470592915391296,0.46578280828783375,1.5124770216318304,0.009030839652426192,0.7560868869671449,-0.39075273626108276,0.2550875973263813,-0.3101527906703244,-0.4831965424543257,0.14188895328736806,0.10577482711461346,-0.24115160140976025,-0.05451875857673542,0.06970143588287289,0.22479807371173774,-0.035389647103964084,-0.17348335682896113,0.10272543560191123
58,0.6438561854085534,0.36726725558350715,-0.7555883022436991,0.5731484184016322,-0.5585953707493945,2.472765583693242,0.8648939840595734,-0.8579057764899082,0.3188557565738279,-0.5959305886391559,0.17282297990654594,-1.0234580438469958,-0.1895774526572227,-0.6671836498671756,-2.726043216048343,-0.1423083365713272,-0.42683685079392353,-2.2196536199098738,2.2614257835260334,3.7215464243969216,-1.9003871826731065,-0.48014882763664407,1.3077583824424308,1.37607873791316e-13,1.6614183372203432e-13,-0.5361044410495459,-0.31782656557206496,-0.40234546952736006,-0.31794068145339305,-0.45861549133921065,-0.5474234740588775,0.28939703481627765,-0.48621964169641335,0.133830330707153,-0.5874016537043417,-1.0495195608081003,0.34868306316227266,0.1932708721123635,0.2531682570274656,-0.025534031827472332,0.006128664405385672,0.33858669502378025,0.3826247302274407,0.026183301782982664,-0.07890510869123073
59,0.9348890104920387,-0.2838421585076475,-0.5319388472627758,-0.25118542168363295,0.8378729099273154,-0.8445133065100769,0.2864271285394714,-0.6613675687526792,-0.42814129181964794,0.44694580569230935,-0.6848794265678152,-0.2789927834882159,1.8705366665226797,0.5895528758328459,-0.6066631446777062,-0.7181013507530087,1.0123504782640442,-0.01117166462001996,-0.07707134606609342,-0.5008359369176602,-0.37312795365430923,-0.21783669125041696,0.319314571982392,-2.5496553653354414e-13,-1.6496104505532782e-13,0.9096822745572594,-0.9123569311050167,0.6285634764023678,1.3997929108786424,-0.7003880835751446,0.6010311506699785,-1.3731526397236364,1.5111729355949541,1.2018842832251244,1.7381866742932668,-1.1388351795756448,0.9570579518150941,-0.18001787385913004,0.7619611269828324,0.8064874904282773,-1.212444637579277,-0.34607387742838325,3.5755162337305912,0.618164619966256,-1.111421144081263
60,0.10978576563630879,-0.004446387901709701,-0.28773769171254987,-0.040212281197179164,-0.012349617206169889,0.4458796806633255,-0.21729071778331283,-0.36147071156826727,0.0789288332163066,0.10438039371123706,0.3001154038169736,-0.49046101083321814,0.37531610831494755,-0.27403678453733893,-0.42209662185730695,0.23480196393858194,-0.1920547229036312,0.17350208046863397,-0.8236409641181602,-0.28565399963425636,-0.4042846434249279,-0.4077773079981816,0.061059667699029194,-1.7085814323720313e-13,-1.3393746334988288e-13,0.6266235151617116,-0.9096892121323992,-0.15680638718837597,-0.28064730964906814,0.9669196763264283,0.06512817478889368,-0.16908064588578092,-0.6849709962034083,-0.3716243354923649,-0.3580025209798815,0.804652465323713,-0.16332753845442363,0.22486535425828555,0.30726029535852156,-0.17706155860480502,0.3415594021840341,-0.06635679549375974,-0.12257907824575782,-0.018216122517570894,-0.0728553386754061
61,-0.997453574387233,-0.6198636202357265,-2.04795761747703,-1.165910720406698,-2.620841933925095,0.7436072294590859,-1.0352545089061977,-1.3474334785088808,-0.9226831360124643,1.9069453493498272,0.8868197575487324,3.2052460895715917,-1.4546439635535464,2.2370515353678657,-1.4337362560115832,2.223607834119647,1.635716485897932,-0.08491887166116364,-0.2786867901980191,-0.16666128921050805,0.011062210395693805,-0.3413746692171446,-0.21240230248344566,3.94884564406779e-14,2.7954508228891557e-14,-0.13979988661244977,0.027514132356519207,0.08551536985406999,0.347178355118048,-0.006825877411340787,0.631118421722962,-0.28736616799751635,-0.018742442269702397,-1.8140412588390398,-0.1371272861160275,-0.3431063840504243,0.6299743175253048,0.18155475509041177,0.04795756977591606,0.572721065350898,-0.04890961565604375,0.04388193366168404,0.20982182826673057,-0.13095626900406587,-0.06357813316624782
62,0.5670082054921856,-2.017215404524334,2.6834377902807347,-1.8587217790413717,0.7017101118106518,2.9359467386410816,0.5788652432494515,3.8062967513409034,-1.0186136944558368,0.37757358107035804,0.19806915754597945,1.536156217222038,0.9609214548227115,0.5720442329644998,0.08790925587029455,0.9415632169708441,-1.0979789634056902,-0.17054780357176275,1.7220382090995792,-1.5125450426267135,-1.0526421198945672,-0.7667709573247657,0.5173526695738364,-1.8834567002519047e-13,-1.1959054063938285e-13,0.6679183316900554,-0.36977369850042763,1.4505686980376598,0.24670718103915457,-0.36935970186211253,-0.613109049877503,0.10085617449488542,-0.47053733756033117,-0.0803712378143688,-0.04591435818653684,0.21044973242818504,-0.1199897490608092,-0.5955310426862637,-0.13157793257530703,0.038907114535665074,-0.11772209666436365,0.06492868240268128,0.12787914722691734,0.04778652857601192,0.01899233331464658
63,-1.8532037012436067,-3.247056626535289,-2.1853593188804954,-2.3320511637057812,-3.3130505438396574,-1.13485899066623,2.4318375535942,1.6734697705382449,3.1719333613307823,-1.5031316136271902,0.9975298866607094,-1.2424993101562976,-0.09303260073358434,0.06910754403565952,-0.16656230130600727,-1.3490745478250554,0.34876885574321553,1.0302022512331779,-0.05358149690988508,-0.07871092060571935,0.03751356423430362,-0.1598179645445057,0.019040417689728317,-5.938277823303288e-14,-3.5951783619813316e-14,0.21495877085653894,-0.2768452289332546,0.2671643677302895,-0.12906025027387374,-0.07551960470119143,-0.15058083173896683,0.18443609644133144,0.18611316325295432,0.32448049995986616,-0.030470120285018394,-0.14124463798770973,-0.10760523532816135,-0.0368102406320804,-0.09726669720413797,-0.13415729488730094,-0.061680037426879,0.018507065248195356,0.07829433235099635,-0.16129031482640943,-0.03223715637041279
64,0.40373415351990494,0.2811175447600226,0.31602960720525436,-0.14466486659709943,0.7584437510463509,0.2436983020872859,-1.1406325731331572,-0.7292121287563835,2.422285277453673,0.19893242660557628,-1.7659393070253002,0.4694806233686263,-2.168549192609028,0.03149780863660422,1.284124471718174,-0.3477935549092707,-0.22536872019131868,0.9897957151332697,-0.1631335828884107,1.814938342593143,0.1981237503229186,-1.8829253088225493,0.5007290965239375,-3.6591859197101553e-13,-2.3346903890285724e-13,1.379880991870743,1.7577851217160667,3.5897991187880707,1.9404227115719361,-0.49182599598980864,0.09229318023678017,-0.3024455317666667,-0.7338835017753362,0.17051424929449016,-0.025773689011900053,0.14755628344361424,0.16746830198661852,0.7946527605892885,0.2627348195594381,0.0022325045740709325,0.04184882490506507,-0.10080334371935222,-0.3271064377706993,0.10302923064956233,-0.12439621096009645
65,-1.3058277401386458,-0.8444336962190316,-0.8873556720493573,0.2921777049516812,-0.18566856360815526,0.4494142216321723,-0.2719886964394829,-0.4167998755314543,-0.30591496063016377,-0.10010243011603373,0.11622378051111508,0.051457639683176126,0.19549547649053933,-0.2734580465306578,-0.2903372408167967,0.24947320945804335,-0.21498134589295903,0.18294446367377964,-0.39898833363401576,-0.17702315596961843,0.09930758066233689,-0.13437458119363588,0.1717955861050917,-4.308025282127177e-14,-3.065441531561704e-14,0.15796736008831705,-0.14542133818693478,-0.01837975955348165,-0.22797971211658513,0.6753007224103227,0.0714625672985703,-0.691736606616739,-0.6695758541282258,-0.15541264199473953,-0.2640704285109013,0.4357689533395668,-0.07260060802606783,-0.1375324330721644,0.20745795997672206,-0.1032561016661618,0.19575176581407788,-0.16648471669349688,-0.07667225951836033,-0.033463901296886436,-0.06876696570170822
66,0.6835772971040677,0.28657603174433255,-0.5535872289232361,-0.25871747731212563,-1.0195814534095853,1.2803875696638307,-0.5577458756849961,-0.5253392321346605,0.2160026373242887,0.1321511637112217,0.37740541092406266,-0.8990535242250159,0.796719542260781,-1.141657844944936,0.05449564809497517,0.9257470617182675,-1.762700675548824,-0.48302853941637613,-0.5080960438853264,-0.31955545810406627,1.4062089800343767,0.6111941040137098,-1.81200009279701,5.102467783892783,-1.4017212684184144,0.1167206333756459,-0.36447924228473927,0.9193895774275752,-0.09544180316495184,-1.474555149066118,0.46008037821361825,-0.5915646992009865,0.23535236280689475,-0.16549044488991735,-0.43300603330833354,-0.26748726705662634,-0.14475697770806245,0.2615790172670008,-0.19030746661386802,-0.07015195125093505,0.10429916733970646,0.2697314302124553,0.16468255939163706,-0.07094577775449475,-0.00582930547142414
67,0.616937476333862,-0.005360001425855016,-0.7130502273054764,0.0315875169858226,0.40586962603063437,-1.5342012701189014,0.1485380064239113,1.302443372294961,-0.03662886849605616,-0.3132556448451222,-0.8891775007834989,-0.2581089992628599,0.25678707794224664,-0.17246610830771023,-0.016709813924519586,0.6430806465182154,0.9048493635864732,-3.1298334693209857,-0.27886421923635274,-0.44849011158640006,0.559160941620122,-4.2921720804745735,-2.625097241501657,5.961716989654302e-13,2.7807890678817973e-13,-1.7686279054108511,0.6220457896584015,-0.11893228227027627,-0.3281628122415383,1.135581804417237,-1.092905287906201,-0.2932736457703047,0.06049131648559956,0.1382534461422593,0.052767970036802045,0.1635648947879961,0.4662989392426321,0.12604787533533893,-0.3926727618680788,-0.235699006697731,-0.33598426723197244,-0.19411993479198955,-0.0057304963499260455,-0.254423892464134,-0.010459355050048238
68,-2.582873186331738,1.8623553257545211,0.4498979071526909,-1.553904886044659,0.7672994337857685,0.3248948216433382,0.17579253684049798,-0.4991591230588937,0.30336208220407784,0.530164737380171,0.8955865462725564,0.13014370868118957,-0.3839279430088868,-0.8052811918151042,-0.41549389994099595,-0.4191194781740304,-0.11596258761914666,0.35285909420693196,-0.36240980228152353,-0.18596833447738176,-0.1486775487551874,-0.028400595561278146,-0.028302627778119944,3.810644716133728e-14,1.8812626397868597e-14,-0.11040421185167418,0.012708619387958373,-0.1438582452128551,-0.5536021607302474,1.3455677929933678,-0.7011838271895285,-2.2069496051162654,-0.2652583543553265,0.6182359839779601,0.0704440665094879,-0.41302046912999646,0.33670625893715617,0.42659666687199527,0.4263906726351282,-0.8591149367558811,2.2274416958490435,-0.8213822255957558,0.9636285275275027,-0.029032756514269314,-0.03674601303682532
69,0.23097376066356926,0.18142523102999256,0.36653342980716397,-0.6912964872430633,0.8473566840309195,-1.43391728802593,1.006475513156608,0.09793475231822987,-0.4535029731019016,2.630506656126303,2.799047924032788,1.5784952816928264,-0.8839310675521656,-4.042635304013688,-1.3518751241204419,-2.062760479428111,0.3976482990959204,-0.4626322182973278,-0.4078538735885031,-0.28994283002627097,0.2165935716189294,0.08299297901016875,0.1373663274843982,1.0979830395212436e-13,8.529414909216379e-14,-0.421248831187813,0.6737024198593746,0.5649326210537605,0.9848029244637739,-0.786395025969618,-0.22529932701120486,1.2161248420072137,-0.28996425106862656,-0.3363648656420834,0.08338931341066841,0.5414847999070191,-0.3430236228539353,-0.20373873173907056,-0.25824559333573355,0.5437514166543265,-1.1534284647114472,0.2816744945724249,-0.0730012866056696,0.09895651667644176,0.10278160900429238
